City,Country/State
Birmingham,Alabama
Phoenix,Arizona
Little Rock,Arkansas
Sydney,Australia
Brisbane,Australia
Dhaka,Bangladesh
Minsk,Belarus
Dziatlava,Belarus
Santa Cruz de la Sierra,Bolivia
Sarajevo,Bosnia and Herzegovina
Rio de Jeneiro,Brazil
Los Angeles,California
Phnom Penh,Cambodia
Toronto,Canada
Ottawa,Canada
Santiago,Chile
Beijing,China
Hong Kong,China
Bogota,Colombia
Denver,Colorado
Bridgeport,Connecticut
Zagreb,Croatia
Prague,Czechia
Wilmington,Delaware
Copenhagen,Denmark
Washington,District of Colombia
Santo Domingo,Dominican Republic
Cairo,Egypt
Miami,Florida
Paris,France
Tbilisi,Georgia
Atlanta,Georgia
Berlin,Germany
Bremen,Germany
Honolulu,Hawaii
Tegucigalpa,Honduras
Budapest,Hungary
Boise,Idaho
Chicago,Illinois
Hyderabad,India
Dehli,India
Indianapolis,Indiana
Des Moines,Iowa
Bagdad,Iraq
Jerusalem,Israel
Kingston,Jamaica
Tokyo,Japan
Amman,Jordan
Wichita,Kansas
Louisville,Kentucky
Nairobi,Kenya
Kuwait city,Kuwait
Vientiane,Laos
Riga,Latvia
Beirut,Lebanon
New Orleans,Louisiana
Kuala Lumpur,Malaysia
Baltimore,Maryland
Boston,Massachussetts
Mexico City,Mexico
Detroit,Michigan
Grand Rapids,Michigan
Minneapolis,Minnesota
Gulfport,Mississippi
Kansas City,Missouri
Casablanca,Morocco
Maputo,Mozambique
Kathmandu,Nepal
Amsterdam,Netherlands
Las Vegas,Nevada
Concord,New Hampshire
Newark,New Jersey
Albuquerque,New Mexico
Fairport,New York
Canandaigua,New York
Orchard Park,New York
Amherst,New York
New York,New York
Long Island,New York
Houghton,New York
Rochester,New York
Buffalo,New York
Wellington,New Zealand
Managua,Nicaragua
Charlotte,North Carolina
Fargo,North Dakota
Oslo,Norway
Cleveland,Ohio
Oklahoma City,Oklahoma
Portland,Oregon
Asuncion,Paraguay
Pittsburgh,Pennsylvania
Hummelstown,Pennsylvania
Manila,Phillippines
Warsaw,Poland
Lissabon,Portugal
San Juan,Puerto Rico
Providence,Rhode Island
Bucharest,Romania
Moscow,Russia
Ust-Ulimsk,Russia
Dakar,Senegal
Belgrade,Serbia
Cape Town,South Africa
Charleston,South Carolina
Seoul,South Korea
Juba,South Sudan
Malaga,Spain
Madrid,Spain
Eswatini,Swaziland
Bern,Switzerland
Taipei,Taiwan
Nashville,Tennessee
Dallas,Texas
Bangkok,Thailand
Port of Spain,Trinidad and Tobago
Ankara,Turkey
Dubai,UAE
Kampala,Uganda
Kiev,Ukraine
London,United Kingdom
Montevideo,Uruguay
Charlotte Amalie,US Virgin Islands
Salt Lake City,Utah
Burlington,Vermont
Richmond,Virginia
Seattle,Washington
Charleston,West Virginia
Milwaukee,Wisconsin
Cheyenne,Wyoming
Sana'a,Yemen
Harare,Zimbabwe
Ellicottville,New York
Grenada,Mississippi
Memphis,Tennessee
Jackson,Tennessee
Chattanooga,Tennessee
Knoxville,Tennessee
Columbus,Ohio
Fort Worth,Texas
Lackawanda,New York
Strykersville,New York
Manhattan,New York
Colorado Springs,Colorado
Eschbach,Germany
Casper,Wyoming
St Louis,Missouri
Palos Heights,Illinois
Anderson,South Carolina
Wellington,Florida
Alexandria,Virginia
Fairfax,Virginia
Syracuse,New York
Plymouth,Massachussetts
Manchester,United Kingdom
Kampala,Uganda
Jacksonville,Florida
Rushford,New York
Saint Petersburg,Russia
Juan Polio,Dominican Republic
San Pedro,Dominican Republic
San Pedrosula,Honduras
Gypsum,Colorado
Edwards,Colorado
Fort Collins,Colorado
Binghamton,New York
Erie,Pennsylvania
York,Pennsylvania
Lancaster,Pennsylvania
Dunkirk,New York
Great Valley,New York
Warsaw,New York
Rock Hill,South Carolina
Kingston,Ontario
Philadelphia,Pennsylvania
Belfast,New York
Olean,New York
Sayre,Pennsylvania
Angola,New York
Blasdell,New York
Fredonia,New York
Forestville,New York
Jamestown,New York
Perrysburg,New York
South Dayton,New York
Angelica,New York
Montreal,Quebec
Kinshasa,Congo
Clayton,North Carolina
Richlands,North Carolina
Healy,Alaska
Victoria,British Columbia
Anchorage,Alaska
Greensboro,North Carolina
Portland,Maine
Madison,Wisconsin
Linwood,New York
Orchard Park,New York
Highland,California
Baranavichy,Belarus
Taylor,British Columbia
Zurich,Switzerland
Dover,Tennessee
Port Elizabeth,South Africa
Hordville,Nebraska
Lake View, New York
Monterey,California
Saratoga Springs,New York
